index	artwork_url	caption	commentable	comment_count	created_at	description	downloadable	download_count	duration	full_duration	embeddable_by	genre	has_downloads_left	id	kind	label_name	last_modified	license	likes_count	permalink	permalink_url	playback_count	public	publisher_metadata	purchase_title	purchase_url	release_date	reposts_count	secret_token	sharing	state	streamable	tag_list	title	track_format	uri	urn	user_id	visuals	waveform_url	display_date	station_urn	station_permalink	track_authorization	monetization_model	policy	media.transcodings	publisher_metadata.id	publisher_metadata.urn	publisher_metadata.artist	publisher_metadata.album_title	publisher_metadata.contains_music	publisher_metadata.publisher	publisher_metadata.upc_or_ean	publisher_metadata.isrc	publisher_metadata.explicit	publisher_metadata.writer_composer	publisher_metadata.release_title
0	https://i1.sndcdn.com/artworks-000027511321-dw6695-large.jpg		True	61	2012-07-29T08:33:56Z		True	201	50409	50409	all		False	54462448	track		2020-10-28T14:56:04Z	all-rights-reserved	258	miss-rwanda-celebrations-on	https://soundcloud.com/emil/miss-rwanda-celebrations-on	9978	True					29		public	finished	True	soundcloud:source=iphone-record	Miss Rwanda celebrations on the way back to Kigali	single-track	https://api.soundcloud.com/tracks/54462448	soundcloud:tracks:54462448	6		https://wave.sndcdn.com/LcyRidlvii5W_m.json	2012-07-29T08:33:56Z	soundcloud:system-playlists:track-stations:54462448	track-stations:54462448	eyJ0eXAiOiJKV1QiLCJhbGciOiJIUzI1NiJ9.eyJnZW8iOiJWTiIsInN1YiI6IiIsInJpZCI6IjdhZjhmZjViLWQ4N2MtNDhiYy05ZTJhLTI3OWZhOGY3ZjdlMyIsImlhdCI6MTYzNTk1MjAwMX0.Sz3bqkF7rTWrg2FMXr7ztuW7o9BQ-eUeHtZZjWywwmE	NOT_APPLICABLE	ALLOW	[{'url': 'https://api-v2.soundcloud.com/media/soundcloud:tracks:54462448/0d22bc67-6db9-4270-94d7-de7fdf604018/stream/hls', 'preset': 'mp3_0_0', 'duration': 50409, 'snipped': False, 'format': {'protocol': 'hls', 'mime_type': 'audio/mpeg'}, 'quality': 'sq'}, {'url': 'https://api-v2.soundcloud.com/media/soundcloud:tracks:54462448/0d22bc67-6db9-4270-94d7-de7fdf604018/stream/progressive', 'preset': 'mp3_0_0', 'duration': 50409, 'snipped': False, 'format': {'protocol': 'progressive', 'mime_type': 'audio/mpeg'}, 'quality': 'sq'}]											
1	https://i1.sndcdn.com/artworks-000026286925-qikws6-large.jpg		True	37	2012-07-07T22:07:37Z		True	101	42177	42177	all		False	52109081	track		2020-04-10T17:16:00Z	all-rights-reserved	138	karaoke-night-in-mombasa-at	https://soundcloud.com/emil/karaoke-night-in-mombasa-at	5622	True					15		public	finished	True	soundcloud:source=iphone-record geo:lat=-3.994859 geo:lon=39.734189 foursquare:venue=4b75f900f964a5204f332ee3	Karaoke night in Mombasa    at Sarova Whitesands Beach Resort & Spa Mombasa	single-track	https://api.soundcloud.com/tracks/52109081	soundcloud:tracks:52109081	6		https://wave.sndcdn.com/xyt7dYcpT86T_m.json	2012-07-07T22:07:37Z	soundcloud:system-playlists:track-stations:52109081	track-stations:52109081	eyJ0eXAiOiJKV1QiLCJhbGciOiJIUzI1NiJ9.eyJnZW8iOiJWTiIsInN1YiI6IiIsInJpZCI6ImU0N2U1NzYyLTc4MmMtNGQwYS04YWM2LTMwNTkwOWJjNjI1OCIsImlhdCI6MTYzNTk1MjAwMX0.gcvP8Ixgfe64KnSjx6rui2DnW0ZOE4fOxBzR2zwGM00	NOT_APPLICABLE	ALLOW	[{'url': 'https://api-v2.soundcloud.com/media/soundcloud:tracks:52109081/82ea3755-382f-47e0-a224-ee65c37ddacf/stream/hls', 'preset': 'mp3_0_0', 'duration': 42177, 'snipped': False, 'format': {'protocol': 'hls', 'mime_type': 'audio/mpeg'}, 'quality': 'sq'}, {'url': 'https://api-v2.soundcloud.com/media/soundcloud:tracks:52109081/82ea3755-382f-47e0-a224-ee65c37ddacf/stream/progressive', 'preset': 'mp3_0_0', 'duration': 42177, 'snipped': False, 'format': {'protocol': 'progressive', 'mime_type': 'audio/mpeg'}, 'quality': 'sq'}]											
2			True	16	2008-12-04T13:34:28Z	experimental noisy track	True	52	141348	141348	all	experimental/noise	True	79966	track	filip	2018-10-30T10:32:55Z	all-rights-reserved	52	sick-noise	https://soundcloud.com/filip/sick-noise	991	True					4		public	finished	True	experimental noise dark ambient	sick noise	single-track	https://api.soundcloud.com/tracks/79966	soundcloud:tracks:79966	10		https://wave.sndcdn.com/ZWfuPdFLk7VW_m.json	2008-12-04T13:34:28Z	soundcloud:system-playlists:track-stations:79966	track-stations:79966	eyJ0eXAiOiJKV1QiLCJhbGciOiJIUzI1NiJ9.eyJnZW8iOiJWTiIsInN1YiI6IiIsInJpZCI6IjllNmY5YmU4LTkwMTctNGZiMC05NThiLWIxMmRhMDgzODRiNiIsImlhdCI6MTYzNTk1MjAwNX0.2WgBK9m6WITz3YhHmN3amy4dsqIyy_qDECe-6DdepTI	NOT_APPLICABLE	ALLOW	[{'url': 'https://api-v2.soundcloud.com/media/soundcloud:tracks:79966/0afa3f07-ba93-4ff9-9720-64298ac59cff/stream/hls', 'preset': 'mp3_0_0', 'duration': 141348, 'snipped': False, 'format': {'protocol': 'hls', 'mime_type': 'audio/mpeg'}, 'quality': 'sq'}, {'url': 'https://api-v2.soundcloud.com/media/soundcloud:tracks:79966/0afa3f07-ba93-4ff9-9720-64298ac59cff/stream/progressive', 'preset': 'mp3_0_0', 'duration': 141348, 'snipped': False, 'format': {'protocol': 'progressive', 'mime_type': 'audio/mpeg'}, 'quality': 'sq'}]											
3			True	9	2008-09-03T22:06:47Z		True	43	180636	180636	all	experimental	True	23867	track		2013-07-05T09:57:09Z	all-rights-reserved	45	mork	https://soundcloud.com/filip/mork	680	True					5		public	finished	True		mörk	single-track	https://api.soundcloud.com/tracks/23867	soundcloud:tracks:23867	10		https://wave.sndcdn.com/80hM21YFCChS_m.json	2008-09-03T22:06:47Z	soundcloud:system-playlists:track-stations:23867	track-stations:23867	eyJ0eXAiOiJKV1QiLCJhbGciOiJIUzI1NiJ9.eyJnZW8iOiJWTiIsInN1YiI6IiIsInJpZCI6IjU2MWYxNjdiLTBmOGQtNDRmYy1hYmY0LWVmYTdhZTA3ZDRmMCIsImlhdCI6MTYzNTk1MjAwNX0.5ZlUQvu5EumoRjjrS6Rs5-iJt16kDXJUD8vA_2Td4As	NOT_APPLICABLE	ALLOW	[{'url': 'https://api-v2.soundcloud.com/media/soundcloud:tracks:23867/660f3e0f-d873-4e82-9d8f-cc59fc8132fd/stream/hls', 'preset': 'mp3_0_0', 'duration': 180636, 'snipped': False, 'format': {'protocol': 'hls', 'mime_type': 'audio/mpeg'}, 'quality': 'sq'}, {'url': 'https://api-v2.soundcloud.com/media/soundcloud:tracks:23867/660f3e0f-d873-4e82-9d8f-cc59fc8132fd/stream/progressive', 'preset': 'mp3_0_0', 'duration': 180636, 'snipped': False, 'format': {'protocol': 'progressive', 'mime_type': 'audio/mpeg'}, 'quality': 'sq'}]											
4			True	7	2007-11-26T13:16:09Z	Experimental stuff...	True	35	131690	131690	all		True	1293	track		2019-03-29T05:12:51Z	all-rights-reserved	28	condensator	https://soundcloud.com/filip/condensator	649	True					3		public	finished	True		condensator	single-track	https://api.soundcloud.com/tracks/1293	soundcloud:tracks:1293	10		https://wave.sndcdn.com/EAlFr95WDolW_m.json	2007-11-26T13:16:09Z	soundcloud:system-playlists:track-stations:1293	track-stations:1293	eyJ0eXAiOiJKV1QiLCJhbGciOiJIUzI1NiJ9.eyJnZW8iOiJWTiIsInN1YiI6IiIsInJpZCI6IjJhZmIzZjRmLTkwMGQtNDQyYS1hMWQwLTZjYTNhMzU2ZDhmZSIsImlhdCI6MTYzNTk1MjAwNX0.i6-z8TZEK-oZf9jGHH1m_IP0InIcOfD31YXYgCTBivg	NOT_APPLICABLE	ALLOW	[{'url': 'https://api-v2.soundcloud.com/media/soundcloud:tracks:1293/5588ab44-e270-42d0-a8cf-db0b297b8ff9/stream/hls', 'preset': 'mp3_0_0', 'duration': 131690, 'snipped': False, 'format': {'protocol': 'hls', 'mime_type': 'audio/mpeg'}, 'quality': 'sq'}, {'url': 'https://api-v2.soundcloud.com/media/soundcloud:tracks:1293/5588ab44-e270-42d0-a8cf-db0b297b8ff9/stream/progressive', 'preset': 'mp3_0_0', 'duration': 131690, 'snipped': False, 'format': {'protocol': 'progressive', 'mime_type': 'audio/mpeg'}, 'quality': 'sq'}]											
5			True	0	2019-08-05T13:03:45Z		False	0	390	390	all		False	661364822	track		2019-08-05T13:03:48Z	all-rights-reserved	0	music-box	https://soundcloud.com/hannes/music-box	655	True					0		public	finished	True	soundcloud:source=android-record	Music box	single-track	https://api.soundcloud.com/tracks/661364822	soundcloud:tracks:661364822	12		https://wave.sndcdn.com/jA4rd7zWmxj0_m.json	2019-08-05T13:03:45Z	soundcloud:system-playlists:track-stations:661364822	track-stations:661364822	eyJ0eXAiOiJKV1QiLCJhbGciOiJIUzI1NiJ9.eyJnZW8iOiJWTiIsInN1YiI6IiIsInJpZCI6IiIsImlhdCI6MTYzNTk1MjAwOH0.vBezwfaiCMrsWy6wrTJsp0nl6RdOZW5Uw32qlFKMtIQ	NOT_APPLICABLE	ALLOW	"[{'url': 'https://api-v2.soundcloud.com/media/soundcloud:tracks:661364822/33822a74-f961-457d-a42f-264fc9935a1d/stream/hls', 'preset': 'mp3_0_0', 'duration': 390, 'snipped': False, 'format': {'protocol': 'hls', 'mime_type': 'audio/mpeg'}, 'quality': 'sq'}, {'url': 'https://api-v2.soundcloud.com/media/soundcloud:tracks:661364822/33822a74-f961-457d-a42f-264fc9935a1d/stream/progressive', 'preset': 'mp3_0_0', 'duration': 390, 'snipped': False, 'format': {'protocol': 'progressive', 'mime_type': 'audio/mpeg'}, 'quality': 'sq'}, {'url': 'https://api-v2.soundcloud.com/media/soundcloud:tracks:661364822/d160f714-fbe8-4ea4-b5bb-27631f987b8b/stream/hls', 'preset': 'opus_0_0', 'duration': 365, 'snipped': False, 'format': {'protocol': 'hls', 'mime_type': 'audio/ogg; codecs=""opus""'}, 'quality': 'sq'}]"											
6			True	6	2013-01-31T11:32:56Z		True	213	71556	71556	all		True	77239780	track		2018-10-30T08:13:53Z	all-rights-reserved	60	sounds-from-monday-afternoon-1	https://soundcloud.com/henrik/sounds-from-monday-afternoon-1	3479	True					11		public	finished	True	soundcloud:source=iphone-record	The Masai sings for us #2	single-track	https://api.soundcloud.com/tracks/77239780	soundcloud:tracks:77239780	16		https://wave.sndcdn.com/NQE0mazXLvRv_m.json	2013-01-31T11:32:56Z	soundcloud:system-playlists:track-stations:77239780	track-stations:77239780	eyJ0eXAiOiJKV1QiLCJhbGciOiJIUzI1NiJ9.eyJnZW8iOiJWTiIsInN1YiI6IiIsInJpZCI6ImJmZTIwNzU5LTk4NzctNDMyYi05NzllLWE3ZDBhZWEyM2IzZiIsImlhdCI6MTYzNTk1MjAxMn0.T9DS8t8RhSKste93wi27yLJC2IM_DpvUi4gh9u2v0OI	NOT_APPLICABLE	ALLOW	[{'url': 'https://api-v2.soundcloud.com/media/soundcloud:tracks:77239780/6c0b44cc-5529-4bda-b8d3-619868180635/stream/hls', 'preset': 'mp3_0_0', 'duration': 71556, 'snipped': False, 'format': {'protocol': 'hls', 'mime_type': 'audio/mpeg'}, 'quality': 'sq'}, {'url': 'https://api-v2.soundcloud.com/media/soundcloud:tracks:77239780/6c0b44cc-5529-4bda-b8d3-619868180635/stream/progressive', 'preset': 'mp3_0_0', 'duration': 71556, 'snipped': False, 'format': {'protocol': 'progressive', 'mime_type': 'audio/mpeg'}, 'quality': 'sq'}]											
7			True	15	2013-01-31T11:32:29Z		True	145	26881	26881	all		True	77239743	track		2019-08-28T22:25:22Z	all-rights-reserved	61	sounds-from-monday-afternoon	https://soundcloud.com/henrik/sounds-from-monday-afternoon	1983	True					11		public	finished	True	soundcloud:source=iphone-record	The Masai sings for us #1	single-track	https://api.soundcloud.com/tracks/77239743	soundcloud:tracks:77239743	16		https://wave.sndcdn.com/F47oB2cTDvfi_m.json	2013-01-31T11:32:29Z	soundcloud:system-playlists:track-stations:77239743	track-stations:77239743	eyJ0eXAiOiJKV1QiLCJhbGciOiJIUzI1NiJ9.eyJnZW8iOiJWTiIsInN1YiI6IiIsInJpZCI6ImNiZjRiYmRlLTQ3MzEtNDEzZi1iNmMxLTRkNWU4NGM2NGEyYyIsImlhdCI6MTYzNTk1MjAxMn0.iiifeDtPjLwtZWhMRTLbZzbjzGc7pArH91kuDa1d-bA	NOT_APPLICABLE	ALLOW	[{'url': 'https://api-v2.soundcloud.com/media/soundcloud:tracks:77239743/19ffe0ec-b352-49ce-8a6e-eb97d3e9b86b/stream/hls', 'preset': 'mp3_0_0', 'duration': 26881, 'snipped': False, 'format': {'protocol': 'hls', 'mime_type': 'audio/mpeg'}, 'quality': 'sq'}, {'url': 'https://api-v2.soundcloud.com/media/soundcloud:tracks:77239743/19ffe0ec-b352-49ce-8a6e-eb97d3e9b86b/stream/progressive', 'preset': 'mp3_0_0', 'duration': 26881, 'snipped': False, 'format': {'protocol': 'progressive', 'mime_type': 'audio/mpeg'}, 'quality': 'sq'}]											
8	https://i1.sndcdn.com/artworks-000023307790-bzlkti-large.jpg		True	12	2012-05-11T10:27:55Z	Our intro from last weekends gig at Trädgården in Stockholm	True	103	10112	10112	all		True	46029778	track		2012-05-14T11:13:29Z	all-rights-reserved	73	rekonstruction	https://soundcloud.com/henrik/rekonstruction	4717	True					28		public	finished	True		Rekonstruction	single-track	https://api.soundcloud.com/tracks/46029778	soundcloud:tracks:46029778	16		https://wave.sndcdn.com/JJ0lw2C7931V_m.json	2012-05-11T10:27:55Z	soundcloud:system-playlists:track-stations:46029778	track-stations:46029778	eyJ0eXAiOiJKV1QiLCJhbGciOiJIUzI1NiJ9.eyJnZW8iOiJWTiIsInN1YiI6IiIsInJpZCI6IjU0OGZiOWM1LTgyMWMtNDYwNC05Zjg2LWFlMDNmZDUyMmU3MCIsImlhdCI6MTYzNTk1MjAxMn0.s_hS_p2m7wy41eRKIj4V6d_Daabto5BL21iqtkB92kE	NOT_APPLICABLE	ALLOW	[{'url': 'https://api-v2.soundcloud.com/media/soundcloud:tracks:46029778/0039067d-eb02-4380-a2e6-c197bd71620c/stream/hls', 'preset': 'mp3_0_0', 'duration': 10112, 'snipped': False, 'format': {'protocol': 'hls', 'mime_type': 'audio/mpeg'}, 'quality': 'sq'}, {'url': 'https://api-v2.soundcloud.com/media/soundcloud:tracks:46029778/0039067d-eb02-4380-a2e6-c197bd71620c/stream/progressive', 'preset': 'mp3_0_0', 'duration': 10112, 'snipped': False, 'format': {'protocol': 'progressive', 'mime_type': 'audio/mpeg'}, 'quality': 'sq'}]											
9	https://i1.sndcdn.com/artworks-000022593313-amm4m6-large.jpg		True	4	2012-05-01T11:38:56Z		True	74	41863	41863	all		True	44943333	track		2012-09-15T16:56:12Z	all-rights-reserved	23	schffumuzak-at-readmill-hq	https://soundcloud.com/henrik/schffumuzak-at-readmill-hq	1865	True					4		public	finished	True	soundcloud:source=iphone-record geo:lat=52.521462 geo:lon=13.387688 foursquare:venue=4d73e7c9ec07548104239dbf	Schffumuzak at Readmill HQ	single-track	https://api.soundcloud.com/tracks/44943333	soundcloud:tracks:44943333	16		https://wave.sndcdn.com/9QxJSvnxojcF_m.json	2012-05-01T11:38:56Z	soundcloud:system-playlists:track-stations:44943333	track-stations:44943333	eyJ0eXAiOiJKV1QiLCJhbGciOiJIUzI1NiJ9.eyJnZW8iOiJWTiIsInN1YiI6IiIsInJpZCI6ImJmZmNiOTk4LTU2Y2UtNDZmZC1hNGM5LTE4ODg5YWRjY2IyOSIsImlhdCI6MTYzNTk1MjAxMn0.PEOPYD8bpPpAGsgApisBUVQFtzRW6HRpTI7erhqi0vg	NOT_APPLICABLE	ALLOW	[{'url': 'https://api-v2.soundcloud.com/media/soundcloud:tracks:44943333/8d427cfe-0af2-4584-a228-dcdd657dbde6/stream/hls', 'preset': 'mp3_0_0', 'duration': 41863, 'snipped': False, 'format': {'protocol': 'hls', 'mime_type': 'audio/mpeg'}, 'quality': 'sq'}, {'url': 'https://api-v2.soundcloud.com/media/soundcloud:tracks:44943333/8d427cfe-0af2-4584-a228-dcdd657dbde6/stream/progressive', 'preset': 'mp3_0_0', 'duration': 41863, 'snipped': False, 'format': {'protocol': 'progressive', 'mime_type': 'audio/mpeg'}, 'quality': 'sq'}]											
10	https://i1.sndcdn.com/artworks-000015060097-09xo0e-large.jpg		True	4	2011-12-08T00:00:04Z		True	43	19390	19390	all		True	30027361	track		2018-01-11T09:16:49Z	all-rights-reserved	10	ted-valentin-time	https://soundcloud.com/henrik/ted-valentin-time	1304	True					3		public	finished	True	soundcloud:source=iphone-record	Ted Valentin time	single-track	https://api.soundcloud.com/tracks/30027361	soundcloud:tracks:30027361	16		https://wave.sndcdn.com/IgurdtTglw8J_m.json	2011-12-08T00:00:04Z	soundcloud:system-playlists:track-stations:30027361	track-stations:30027361	eyJ0eXAiOiJKV1QiLCJhbGciOiJIUzI1NiJ9.eyJnZW8iOiJWTiIsInN1YiI6IiIsInJpZCI6IjkxZjM5ODc1LTJmMzctNGFkZS1hZTIyLTZkM2ZmMjRjOGI5NiIsImlhdCI6MTYzNTk1MjAxMn0.92NGmwp6E9LKIeTD14Z7Ukw1z7t3d1pp5Pneav0-zS0	NOT_APPLICABLE	ALLOW	[{'url': 'https://api-v2.soundcloud.com/media/soundcloud:tracks:30027361/cbf582fc-c6c9-45fc-8591-ae86b9c20bc2/stream/hls', 'preset': 'mp3_0_0', 'duration': 19390, 'snipped': False, 'format': {'protocol': 'hls', 'mime_type': 'audio/mpeg'}, 'quality': 'sq'}, {'url': 'https://api-v2.soundcloud.com/media/soundcloud:tracks:30027361/cbf582fc-c6c9-45fc-8591-ae86b9c20bc2/stream/progressive', 'preset': 'mp3_0_0', 'duration': 19390, 'snipped': False, 'format': {'protocol': 'progressive', 'mime_type': 'audio/mpeg'}, 'quality': 'sq'}]											
11	https://i1.sndcdn.com/artworks-000014941525-0lscjo-large.jpg		True	3	2011-12-05T15:04:52Z		True	40	40112	40112	all		True	29793605	track		2011-12-05T15:05:37Z	all-rights-reserved	16	readmill-deploy	https://soundcloud.com/henrik/readmill-deploy	1111	True					4		public	finished	True	soundcloud:source=iphone-record	Readmill deploy	single-track	https://api.soundcloud.com/tracks/29793605	soundcloud:tracks:29793605	16		https://wave.sndcdn.com/SBTnGX8DTfEM_m.json	2011-12-05T15:04:52Z	soundcloud:system-playlists:track-stations:29793605	track-stations:29793605	eyJ0eXAiOiJKV1QiLCJhbGciOiJIUzI1NiJ9.eyJnZW8iOiJWTiIsInN1YiI6IiIsInJpZCI6IjJiZWRmYzZjLTdjZWEtNGJjMC05YjAxLTg1OWZjMGE2NDY0YyIsImlhdCI6MTYzNTk1MjAxMn0.mzLqMfcfZVkBE05xdNO88IXyn4wzyXsv-U0BSrZTFwA	NOT_APPLICABLE	ALLOW	[{'url': 'https://api-v2.soundcloud.com/media/soundcloud:tracks:29793605/bacb434d-007c-4866-9b6c-ff67db7f4a74/stream/hls', 'preset': 'mp3_0_0', 'duration': 40112, 'snipped': False, 'format': {'protocol': 'hls', 'mime_type': 'audio/mpeg'}, 'quality': 'sq'}, {'url': 'https://api-v2.soundcloud.com/media/soundcloud:tracks:29793605/bacb434d-007c-4866-9b6c-ff67db7f4a74/stream/progressive', 'preset': 'mp3_0_0', 'duration': 40112, 'snipped': False, 'format': {'protocol': 'progressive', 'mime_type': 'audio/mpeg'}, 'quality': 'sq'}]											
12			True	19	2011-07-09T19:55:37Z		False	0	133719	133719	all		False	18718720	track		2016-12-07T22:17:26Z	cc-by	50	drunk-picnic-guitar-at	https://soundcloud.com/joaoflux/drunk-picnic-guitar-at	1053	True					7		public	finished	True	soundcloud:source=android-record foursquare:venue=4adcda7df964a5208b4721e3 geo:lat=52.4878586 geo:lon=13.414023149999998	Drunk Picnic Guitar at Hasenheide Volkspark	single-track	https://api.soundcloud.com/tracks/18718720	soundcloud:tracks:18718720	20		https://wave.sndcdn.com/HX081rQIpQXq_m.json	2011-07-09T19:55:37Z	soundcloud:system-playlists:track-stations:18718720	track-stations:18718720	eyJ0eXAiOiJKV1QiLCJhbGciOiJIUzI1NiJ9.eyJnZW8iOiJWTiIsInN1YiI6IiIsInJpZCI6IjRjNDEzYzFhLTI2MGItNDQzZS1iNmJhLWU1NDkyZTc4ODJkMyIsImlhdCI6MTYzNTk1MjAxN30.dcF2jyOA2Mas3Un1S95phKUXk1gUhnDOBEqvm9zY-08	NOT_APPLICABLE	ALLOW	[{'url': 'https://api-v2.soundcloud.com/media/soundcloud:tracks:18718720/470279cf-7d6e-4db5-a82b-6790b5a8ee7f/stream/hls', 'preset': 'mp3_0_0', 'duration': 133719, 'snipped': False, 'format': {'protocol': 'hls', 'mime_type': 'audio/mpeg'}, 'quality': 'sq'}, {'url': 'https://api-v2.soundcloud.com/media/soundcloud:tracks:18718720/470279cf-7d6e-4db5-a82b-6790b5a8ee7f/stream/progressive', 'preset': 'mp3_0_0', 'duration': 133719, 'snipped': False, 'format': {'protocol': 'progressive', 'mime_type': 'audio/mpeg'}, 'quality': 'sq'}]											
13	https://i1.sndcdn.com/artworks-000008590062-504j58-large.jpg		True	4	2011-06-24T22:20:29Z		False	0	292578	292578	all		False	17798533	track		2011-06-24T22:20:49Z	cc-by	32	chessboxing-london-vs-berlin	https://soundcloud.com/joaoflux/chessboxing-london-vs-berlin	600	True					7		public	finished	True	soundcloud:source=android-record foursquare:venue=4adcda7bf964a520344721e3 geo:lat=52.5296551 geo:lon=13.3675094	Chessboxing London Vs Berlin at Tape	single-track	https://api.soundcloud.com/tracks/17798533	soundcloud:tracks:17798533	20		https://wave.sndcdn.com/FzoknNNSNGWG_m.json	2011-06-24T22:20:29Z	soundcloud:system-playlists:track-stations:17798533	track-stations:17798533	eyJ0eXAiOiJKV1QiLCJhbGciOiJIUzI1NiJ9.eyJnZW8iOiJWTiIsInN1YiI6IiIsInJpZCI6ImE1NzcyYTQyLTAxM2ItNGZmNS1hNmMyLWEyYzJiNTdhN2M1MSIsImlhdCI6MTYzNTk1MjAxN30.uxu5y2oZPw31xf9xgn-UMtmvomB-hFHQYOVho3Iy-S0	NOT_APPLICABLE	ALLOW	[{'url': 'https://api-v2.soundcloud.com/media/soundcloud:tracks:17798533/d097294a-f899-4626-babd-bf401c058f86/stream/hls', 'preset': 'mp3_0_0', 'duration': 292578, 'snipped': False, 'format': {'protocol': 'hls', 'mime_type': 'audio/mpeg'}, 'quality': 'sq'}, {'url': 'https://api-v2.soundcloud.com/media/soundcloud:tracks:17798533/d097294a-f899-4626-babd-bf401c058f86/stream/progressive', 'preset': 'mp3_0_0', 'duration': 292578, 'snipped': False, 'format': {'protocol': 'progressive', 'mime_type': 'audio/mpeg'}, 'quality': 'sq'}]											
14			True	5	2011-04-08T23:45:00Z	"Il-Jin ""Atem"" Choi about his interactive installation / happening ""Brennstoffzelle"""	True	20	48291	48291	all	Instalation	True	13291950	track		2011-09-29T02:25:17Z	all-rights-reserved	21	brennstoffzelle	https://soundcloud.com/joaoflux/brennstoffzelle	539	True					5		public	finished	True	post-it Il-JinChoi Berlin happening installation interactive	Brennstoffzelle	single-track	https://api.soundcloud.com/tracks/13291950	soundcloud:tracks:13291950	20		https://wave.sndcdn.com/htz3Sa338Gk5_m.json	2011-04-08T23:45:00Z	soundcloud:system-playlists:track-stations:13291950	track-stations:13291950	eyJ0eXAiOiJKV1QiLCJhbGciOiJIUzI1NiJ9.eyJnZW8iOiJWTiIsInN1YiI6IiIsInJpZCI6IjQ3Y2VlYjBjLWY0NWMtNGQ0MS05ZDQ5LTJmOTk0NTFhOWNlYiIsImlhdCI6MTYzNTk1MjAxN30.O-Aju78F7T6XBB_uGf_kyx5EZfsatzK3tML-AuBVG9g	NOT_APPLICABLE	ALLOW	[{'url': 'https://api-v2.soundcloud.com/media/soundcloud:tracks:13291950/592633c1-45c8-432d-8aee-65f0ea8bd15a/stream/hls', 'preset': 'mp3_0_0', 'duration': 48291, 'snipped': False, 'format': {'protocol': 'hls', 'mime_type': 'audio/mpeg'}, 'quality': 'sq'}, {'url': 'https://api-v2.soundcloud.com/media/soundcloud:tracks:13291950/592633c1-45c8-432d-8aee-65f0ea8bd15a/stream/progressive', 'preset': 'mp3_0_0', 'duration': 48291, 'snipped': False, 'format': {'protocol': 'progressive', 'mime_type': 'audio/mpeg'}, 'quality': 'sq'}]											
15			True	6	2011-03-22T22:37:41Z	"Liebe Restrealität,

Ihr feiert den achten Geburtstag, ein Alter, in dem sonst kaum jemandem eine Laudatio zuteil wird. In acht Jahren habt Ihr aber einiges erreicht, was Anlass zu einer wohlwollenden Rede gibt – und sei es nur, dass Ihr nicht so adipös seid, wie Eure kleine Schwester Facebook. Sie ist wohl auch gar nicht Eure Schwester ist, nicht mal eine Stiefschwester, sondern eine Ausgeburt der dunklen Seite, die die Realität abschaffen will.

Ihr seid die ""letzte Bastion der Wirklichkeit"". Das gallische Dorf also, das sich dem Verlust der Wirklichkeit entgegen stemmt, manchmal mit Zaubertrank, denn Zauber gehört eindeutig zur Wirklichkeit, und Zauber ist es, der den Buchhaltern der Pseudorealität Angst macht.

Was ist Wirklichkeit? Der kleinste gemeinsame Nenner, auf den sich mehr oder weniger kranke Gehirne verständigen? Ein Land in dessen Sprache jeder Satz mit Euro oder Dollar endet? Ein Ort, wo Freude ""Wachstum"" genannt wird und wo kollektive Fettsucht herrscht?

Ich wünsche Euch, dass Ihr groß und nicht fett werdet und dass Ihr die Wirklichkeit auch weiterhin mit aller Kraft verteidigt und Euch weder vor der großen Leere noch vor der großen Ordnung fürchtet und schon gar nicht vor dem großen Chaos, denn das ist vielleicht Euer wichtigster Verbündeter auf der Wanderung durch das mit viel Neonlicht verdunkelte Tal. Fürchtet Euch nicht."	True	21	80173	80173	all		True	12386020	track		2018-08-02T13:49:30Z	all-rights-reserved	14	restrealitaet	https://soundcloud.com/joaoflux/restrealitaet	648	True					1		public	finished	True	Restrealität	Restrealitaet	single-track	https://api.soundcloud.com/tracks/12386020	soundcloud:tracks:12386020	20		https://wave.sndcdn.com/PoNPJPN8tILq_m.json	2011-03-22T22:37:41Z	soundcloud:system-playlists:track-stations:12386020	track-stations:12386020	eyJ0eXAiOiJKV1QiLCJhbGciOiJIUzI1NiJ9.eyJnZW8iOiJWTiIsInN1YiI6IiIsInJpZCI6Ijk5ZDZhNGI2LTFhOWUtNDRhYy1hNmU2LWZiYzIzN2JkY2U4MiIsImlhdCI6MTYzNTk1MjAxN30.MiQUJo9ebyd3s32khD8BlVEbnfKpr12q1QkddP-_gsI	NOT_APPLICABLE	ALLOW	[{'url': 'https://api-v2.soundcloud.com/media/soundcloud:tracks:12386020/7b1d2c13-27c4-4252-a98f-920329235511/stream/hls', 'preset': 'mp3_0_0', 'duration': 80173, 'snipped': False, 'format': {'protocol': 'hls', 'mime_type': 'audio/mpeg'}, 'quality': 'sq'}, {'url': 'https://api-v2.soundcloud.com/media/soundcloud:tracks:12386020/7b1d2c13-27c4-4252-a98f-920329235511/stream/progressive', 'preset': 'mp3_0_0', 'duration': 80173, 'snipped': False, 'format': {'protocol': 'progressive', 'mime_type': 'audio/mpeg'}, 'quality': 'sq'}]											
16			True	0	2010-12-15T16:17:28Z	Klaus Hilmes spricht über eine Kugel	True	23	76097	76097	all	Kunst	True	8085242	track		2011-01-23T13:32:58Z	all-rights-reserved	11	klaushilmes-ohnetitel-kugel	https://soundcloud.com/joaoflux/klaushilmes-ohnetitel-kugel	746	True					2		public	finished	True	KlausHilmes Kugel deutsch	KlausHilmes - OhneTitel (Kugel)	single-track	https://api.soundcloud.com/tracks/8085242	soundcloud:tracks:8085242	20		https://wave.sndcdn.com/zdOTQ36T7ohg_m.json	2010-12-15T16:17:28Z	soundcloud:system-playlists:track-stations:8085242	track-stations:8085242	eyJ0eXAiOiJKV1QiLCJhbGciOiJIUzI1NiJ9.eyJnZW8iOiJWTiIsInN1YiI6IiIsInJpZCI6Ijk2YzNhYWUyLWFiOTctNDg5YS1hM2Q2LTZmN2QwNjBkMTE0NiIsImlhdCI6MTYzNTk1MjAxN30.QyZGN9zad0oQB1Of0Z2fDu8HA0dOwAzAM76oyH6Za3g	NOT_APPLICABLE	ALLOW	[{'url': 'https://api-v2.soundcloud.com/media/soundcloud:tracks:8085242/182810bd-f074-4456-a893-c70222042ef7/stream/hls', 'preset': 'mp3_0_0', 'duration': 76097, 'snipped': False, 'format': {'protocol': 'hls', 'mime_type': 'audio/mpeg'}, 'quality': 'sq'}, {'url': 'https://api-v2.soundcloud.com/media/soundcloud:tracks:8085242/182810bd-f074-4456-a893-c70222042ef7/stream/progressive', 'preset': 'mp3_0_0', 'duration': 76097, 'snipped': False, 'format': {'protocol': 'progressive', 'mime_type': 'audio/mpeg'}, 'quality': 'sq'}]											
17			True	3	2010-11-17T19:17:44Z	Dr. Brigitte Döbert über die Ausstellung Intolerance von Willem de Rooij in der Neuen Nationalgalerie in Berlin	True	49	182011	182011	all	Installation	True	7119932	track		2011-02-19T15:04:16Z	all-rights-reserved	11	dr-brigitte-dobert-willem-de-rooij-intolerance	https://soundcloud.com/joaoflux/dr-brigitte-dobert-willem-de-rooij-intolerance	679	True					2		public	finished	True	WillemDeRooij Intolerance installation NeueNationalGalerie Berlin Deutsch	Dr. Brigitte Döbert - Willem de Rooij / Intolerance	single-track	https://api.soundcloud.com/tracks/7119932	soundcloud:tracks:7119932	20		https://wave.sndcdn.com/RjdX3oALL0N7_m.json	2010-11-17T19:17:44Z	soundcloud:system-playlists:track-stations:7119932	track-stations:7119932	eyJ0eXAiOiJKV1QiLCJhbGciOiJIUzI1NiJ9.eyJnZW8iOiJWTiIsInN1YiI6IiIsInJpZCI6ImQ2ZWQ0NjAyLWM3MDQtNDk0ZC04NmFjLWUwNmVkNGE2MzM3MCIsImlhdCI6MTYzNTk1MjAxN30.hIFlVrgXmVAbIbexz8A5ADMA2zk4tdQ_tpHxnwWlW8c	NOT_APPLICABLE	ALLOW	[{'url': 'https://api-v2.soundcloud.com/media/soundcloud:tracks:7119932/beb8861f-1d94-4f72-a1d7-624d217d136e/stream/hls', 'preset': 'mp3_0_0', 'duration': 182011, 'snipped': False, 'format': {'protocol': 'hls', 'mime_type': 'audio/mpeg'}, 'quality': 'sq'}, {'url': 'https://api-v2.soundcloud.com/media/soundcloud:tracks:7119932/beb8861f-1d94-4f72-a1d7-624d217d136e/stream/progressive', 'preset': 'mp3_0_0', 'duration': 182011, 'snipped': False, 'format': {'protocol': 'progressive', 'mime_type': 'audio/mpeg'}, 'quality': 'sq'}]											
18			True	0	2010-11-15T20:32:04Z	Fabian Neumann about an interactive installation by an unknown artist	True	18	85582	85582	all	Interactive Installation	True	7051281	track		2011-02-19T15:04:16Z	all-rights-reserved	8	fabian-neumann-analoges-autorennspiel	https://soundcloud.com/joaoflux/fabian-neumann-analoges-autorennspiel	305	True					1		public	finished	True	ComputerGame Analog Installation Deutsch	Fabian Neumann - Analoges Autorennspiel	single-track	https://api.soundcloud.com/tracks/7051281	soundcloud:tracks:7051281	20		https://wave.sndcdn.com/g55Ykmsk1OCM_m.json	2010-11-15T20:32:04Z	soundcloud:system-playlists:track-stations:7051281	track-stations:7051281	eyJ0eXAiOiJKV1QiLCJhbGciOiJIUzI1NiJ9.eyJnZW8iOiJWTiIsInN1YiI6IiIsInJpZCI6IjZmNzBkNTBhLTI2OTctNDAxMS1hNTc5LTUyNmNmYzM0OTNlMiIsImlhdCI6MTYzNTk1MjAxN30.GGJ-So4JVJdp6dLnEVle2ls2aLvbj0p-kFvqWoLoeoc	NOT_APPLICABLE	ALLOW	[{'url': 'https://api-v2.soundcloud.com/media/soundcloud:tracks:7051281/fd1e7d09-0dfa-4b56-950b-3dbcd5081268/stream/hls', 'preset': 'mp3_0_0', 'duration': 85582, 'snipped': False, 'format': {'protocol': 'hls', 'mime_type': 'audio/mpeg'}, 'quality': 'sq'}, {'url': 'https://api-v2.soundcloud.com/media/soundcloud:tracks:7051281/fd1e7d09-0dfa-4b56-950b-3dbcd5081268/stream/progressive', 'preset': 'mp3_0_0', 'duration': 85582, 'snipped': False, 'format': {'protocol': 'progressive', 'mime_type': 'audio/mpeg'}, 'quality': 'sq'}]											
19			True	0	2010-11-15T20:29:16Z	Rainer Will about an interactive installation by an unknown artist	True	19	70165	70165	all	Interactive Installation	True	7051187	track		2011-02-19T15:04:17Z	all-rights-reserved	9	rainer-will-unkonown-artist-interactive-installation	https://soundcloud.com/joaoflux/rainer-will-unkonown-artist-interactive-installation	215	True					3		public	finished	True	Installation Animals Experiment Deutsch	Rainer Will - Unkonown Artist Interactive Installation	single-track	https://api.soundcloud.com/tracks/7051187	soundcloud:tracks:7051187	20		https://wave.sndcdn.com/y8SEUu1BMcqY_m.json	2010-11-15T20:29:16Z	soundcloud:system-playlists:track-stations:7051187	track-stations:7051187	eyJ0eXAiOiJKV1QiLCJhbGciOiJIUzI1NiJ9.eyJnZW8iOiJWTiIsInN1YiI6IiIsInJpZCI6ImViNDU0MmE1LTlhMTUtNGRlZS05MTc0LTI4MzExMzg2ZjYxZiIsImlhdCI6MTYzNTk1MjAxN30.P6lsupbkH_ZV_fZE20crO3TGA0FynMiQ8fGMKTpZQ9E	NOT_APPLICABLE	ALLOW	[{'url': 'https://api-v2.soundcloud.com/media/soundcloud:tracks:7051187/0fc68b39-4c6a-4109-83c9-e223505096dc/stream/hls', 'preset': 'mp3_0_0', 'duration': 70165, 'snipped': False, 'format': {'protocol': 'hls', 'mime_type': 'audio/mpeg'}, 'quality': 'sq'}, {'url': 'https://api-v2.soundcloud.com/media/soundcloud:tracks:7051187/0fc68b39-4c6a-4109-83c9-e223505096dc/stream/progressive', 'preset': 'mp3_0_0', 'duration': 70165, 'snipped': False, 'format': {'protocol': 'progressive', 'mime_type': 'audio/mpeg'}, 'quality': 'sq'}]											
20			True	0	2010-11-15T20:26:12Z	Sandra Bullock about Hyperexhibition	True	65	37630	37630	all	Exhibition	True	7051083	track		2011-02-19T15:04:17Z	all-rights-reserved	8	sandra-bullock-hyperexhibition	https://soundcloud.com/joaoflux/sandra-bullock-hyperexhibition	468	True					1		public	finished	True	Hyperexhibition Deutsch	Sandra Bullock - Hyperexhibition	single-track	https://api.soundcloud.com/tracks/7051083	soundcloud:tracks:7051083	20		https://wave.sndcdn.com/DyCTSEUcnw4k_m.json	2010-11-15T20:26:12Z	soundcloud:system-playlists:track-stations:7051083	track-stations:7051083	eyJ0eXAiOiJKV1QiLCJhbGciOiJIUzI1NiJ9.eyJnZW8iOiJWTiIsInN1YiI6IiIsInJpZCI6IjM4ZDcxZTYwLTMzMDUtNDRlZS1iMDI4LTIzM2M0YjZmYmQ2MCIsImlhdCI6MTYzNTk1MjAxN30.89ML7As2tO51_uJ3hE4gCQ23EXN867uUiW1hu9y1Shs	NOT_APPLICABLE	ALLOW	[{'url': 'https://api-v2.soundcloud.com/media/soundcloud:tracks:7051083/5ee1570f-6118-4b2a-9c91-d53dbc405643/stream/hls', 'preset': 'mp3_0_0', 'duration': 37630, 'snipped': False, 'format': {'protocol': 'hls', 'mime_type': 'audio/mpeg'}, 'quality': 'sq'}, {'url': 'https://api-v2.soundcloud.com/media/soundcloud:tracks:7051083/5ee1570f-6118-4b2a-9c91-d53dbc405643/stream/progressive', 'preset': 'mp3_0_0', 'duration': 37630, 'snipped': False, 'format': {'protocol': 'progressive', 'mime_type': 'audio/mpeg'}, 'quality': 'sq'}]											
21	https://i1.sndcdn.com/artworks-000354007764-aye8k7-large.jpg		True	106	2018-05-29T07:57:11Z	I det här avsnittet går Jossa igenom statistik från 100 000 budgivningar som vi analyserat och Kalle pratar om utveckling av bostadsmarknaden efter skärpta amorteringskravet. Lyssna in och kom supergärna med feedback!	False	0	1522923	1522923	all		False	450630960	track		2021-02-10T11:47:35Z	all-rights-reserved	8	avsnitt-30-statistik-fran-budgivningar-och-utveckling-av-bostadsmarknaden	https://soundcloud.com/kalle/avsnitt-30-statistik-fran-budgivningar-och-utveckling-av-bostadsmarknaden	114	True					0		public	finished	True	bostadspodden	Avsnitt 30 - Statistik från budgivningar och utveckling av bostadsmarknaden	single-track	https://api.soundcloud.com/tracks/450630960	soundcloud:tracks:450630960	22		https://wave.sndcdn.com/aInPjwk3kfYj_m.json	2018-05-29T07:57:11Z	soundcloud:system-playlists:track-stations:450630960	track-stations:450630960	eyJ0eXAiOiJKV1QiLCJhbGciOiJIUzI1NiJ9.eyJnZW8iOiJWTiIsInN1YiI6IiIsInJpZCI6IiIsImlhdCI6MTYzNTk1MjAxOX0.U646BDcWUxf2edzMQjVCiOPfYl3NPA7nl4QSqj8AAFU	NOT_APPLICABLE	ALLOW	"[{'url': 'https://api-v2.soundcloud.com/media/soundcloud:tracks:450630960/d248e74c-557f-440d-a844-101d625f7e4a/stream/hls', 'preset': 'mp3_0_0', 'duration': 1522923, 'snipped': False, 'format': {'protocol': 'hls', 'mime_type': 'audio/mpeg'}, 'quality': 'sq'}, {'url': 'https://api-v2.soundcloud.com/media/soundcloud:tracks:450630960/d248e74c-557f-440d-a844-101d625f7e4a/stream/progressive', 'preset': 'mp3_0_0', 'duration': 1522923, 'snipped': False, 'format': {'protocol': 'progressive', 'mime_type': 'audio/mpeg'}, 'quality': 'sq'}, {'url': 'https://api-v2.soundcloud.com/media/soundcloud:tracks:450630960/09783cea-85b4-41bf-b861-4db29dd62466/stream/hls', 'preset': 'opus_0_0', 'duration': 1522923, 'snipped': False, 'format': {'protocol': 'hls', 'mime_type': 'audio/ogg; codecs=""opus""'}, 'quality': 'sq'}]"	450630960.0	soundcloud:tracks:450630960	Kalle & Jossa	Bostadspodden							
22	https://i1.sndcdn.com/artworks-000354017859-3tf44v-large.jpg		True	0	2018-03-26T06:48:09Z	Efter en skakig höst, rekordmånga bostäder till salu och nytt skärpt amorteringskrav behöver vi prata om läget på bostadsmarknaden. Vad betyder allt det här för våren och resten av året? Vi klämmer även in lyssnarfråga - ska man passa på att köpa dyrt nu eller? - och uppdatering av Jossas byggplaner.	False	0	1689652	1689652	all	Business	False	419964212	track		2018-05-29T08:46:08Z	all-rights-reserved	3	avsnitt-28-skarpt-amorteringskrav-lyssnarfraga-och-laget-pa-bostadsmarknaden	https://soundcloud.com/kalle/avsnitt-28-skarpt-amorteringskrav-lyssnarfraga-och-laget-pa-bostadsmarknaden	39	True					1		public	finished	True	bostadspodden	Avsnitt 28 - Skärpt amorteringskrav, lyssnarfråga och läget på bostadsmarknaden	single-track	https://api.soundcloud.com/tracks/419964212	soundcloud:tracks:419964212	22		https://wave.sndcdn.com/6oyG5TLYqNPf_m.json	2018-03-26T06:48:09Z	soundcloud:system-playlists:track-stations:419964212	track-stations:419964212	eyJ0eXAiOiJKV1QiLCJhbGciOiJIUzI1NiJ9.eyJnZW8iOiJWTiIsInN1YiI6IiIsInJpZCI6IiIsImlhdCI6MTYzNTk1MjAxOX0.U646BDcWUxf2edzMQjVCiOPfYl3NPA7nl4QSqj8AAFU	NOT_APPLICABLE	ALLOW	"[{'url': 'https://api-v2.soundcloud.com/media/soundcloud:tracks:419964212/44eea4d6-7ab2-4286-9f7a-2594006b3658/stream/hls', 'preset': 'mp3_0_0', 'duration': 1689652, 'snipped': False, 'format': {'protocol': 'hls', 'mime_type': 'audio/mpeg'}, 'quality': 'sq'}, {'url': 'https://api-v2.soundcloud.com/media/soundcloud:tracks:419964212/44eea4d6-7ab2-4286-9f7a-2594006b3658/stream/progressive', 'preset': 'mp3_0_0', 'duration': 1689652, 'snipped': False, 'format': {'protocol': 'progressive', 'mime_type': 'audio/mpeg'}, 'quality': 'sq'}, {'url': 'https://api-v2.soundcloud.com/media/soundcloud:tracks:419964212/11ed19fe-9fb9-4a9a-a993-ee0400475564/stream/hls', 'preset': 'opus_0_0', 'duration': 1689652, 'snipped': False, 'format': {'protocol': 'hls', 'mime_type': 'audio/ogg; codecs=""opus""'}, 'quality': 'sq'}]"	419964212.0	soundcloud:tracks:419964212	Bostadspodden								
23	https://i1.sndcdn.com/artworks-000250737781-ues0iy-large.jpg		True	0	2017-11-03T10:41:27Z	Bubblan spricker! Eller? Är bostadsmarknaden egentligen rätt stabil, förutom en liten justering på priserna på lägenheter i Stockholm? Vi reder ut siffrorna och pratar om vad förändringarna vi ser nu skulle kunna bero på.	False	0	2096574	2096574	all		False	350560312	track		2017-11-03T10:41:57Z	all-rights-reserved	2	avsnitt-27-vad-ar-det-som-hander-pa-bostadsmarknaden	https://soundcloud.com/kalle/avsnitt-27-vad-ar-det-som-hander-pa-bostadsmarknaden	91	True					0		public	finished	True	bostadspodden	Avsnitt 27 - Vad är det som händer på bostadsmarknaden?	single-track	https://api.soundcloud.com/tracks/350560312	soundcloud:tracks:350560312	22		https://wave.sndcdn.com/IDAeEgTrrlsM_m.json	2017-11-03T10:41:27Z	soundcloud:system-playlists:track-stations:350560312	track-stations:350560312	eyJ0eXAiOiJKV1QiLCJhbGciOiJIUzI1NiJ9.eyJnZW8iOiJWTiIsInN1YiI6IiIsInJpZCI6IiIsImlhdCI6MTYzNTk1MjAxOX0.U646BDcWUxf2edzMQjVCiOPfYl3NPA7nl4QSqj8AAFU	NOT_APPLICABLE	ALLOW	"[{'url': 'https://api-v2.soundcloud.com/media/soundcloud:tracks:350560312/29854de9-4ea9-4fe5-bb0e-ce14489687c9/stream/hls', 'preset': 'mp3_0_0', 'duration': 2096574, 'snipped': False, 'format': {'protocol': 'hls', 'mime_type': 'audio/mpeg'}, 'quality': 'sq'}, {'url': 'https://api-v2.soundcloud.com/media/soundcloud:tracks:350560312/29854de9-4ea9-4fe5-bb0e-ce14489687c9/stream/progressive', 'preset': 'mp3_0_0', 'duration': 2096574, 'snipped': False, 'format': {'protocol': 'progressive', 'mime_type': 'audio/mpeg'}, 'quality': 'sq'}, {'url': 'https://api-v2.soundcloud.com/media/soundcloud:tracks:350560312/2f41d834-6804-4422-8e3e-4275ac5a4501/stream/hls', 'preset': 'opus_0_0', 'duration': 2096574, 'snipped': False, 'format': {'protocol': 'hls', 'mime_type': 'audio/ogg; codecs=""opus""'}, 'quality': 'sq'}]"	350560312.0	soundcloud:tracks:350560312	Kalle & Jossa	Bostadspodden							
24	https://i1.sndcdn.com/artworks-000199299895-z9fdtr-large.jpg		True	0	2016-12-20T05:00:54Z	Vi&nbsp;pratar med Mary Starck som är försäljningschef på Bonava om hur man som bostadsköpare ska tänka kring nyproduktion. För- och nackdelar, hur processen ser ut och sånt där :) Lyssna!	False	0	1558428	1558428	all		False	298761563	track		2016-12-20T08:40:44Z	all-rights-reserved	3	avsnitt-24-intervju-med-mary	https://soundcloud.com/kalle/avsnitt-24-intervju-med-mary	180	True					0		public	finished	True	bostadspodden	Avsnitt 26 - Intervju med Mary Starck, försäljningschef på Bonava	single-track	https://api.soundcloud.com/tracks/298761563	soundcloud:tracks:298761563	22		https://wave.sndcdn.com/q5vLfxf6Du6I_m.json	2016-12-20T05:00:54Z	soundcloud:system-playlists:track-stations:298761563	track-stations:298761563	eyJ0eXAiOiJKV1QiLCJhbGciOiJIUzI1NiJ9.eyJnZW8iOiJWTiIsInN1YiI6IiIsInJpZCI6IiIsImlhdCI6MTYzNTk1MjAxOX0.U646BDcWUxf2edzMQjVCiOPfYl3NPA7nl4QSqj8AAFU	NOT_APPLICABLE	ALLOW	"[{'url': 'https://api-v2.soundcloud.com/media/soundcloud:tracks:298761563/85e97b9a-d10a-42b6-a575-c0dd3dab9ea9/stream/hls', 'preset': 'mp3_0_0', 'duration': 1558428, 'snipped': False, 'format': {'protocol': 'hls', 'mime_type': 'audio/mpeg'}, 'quality': 'sq'}, {'url': 'https://api-v2.soundcloud.com/media/soundcloud:tracks:298761563/85e97b9a-d10a-42b6-a575-c0dd3dab9ea9/stream/progressive', 'preset': 'mp3_0_0', 'duration': 1558428, 'snipped': False, 'format': {'protocol': 'progressive', 'mime_type': 'audio/mpeg'}, 'quality': 'sq'}, {'url': 'https://api-v2.soundcloud.com/media/soundcloud:tracks:298761563/71711d5f-485f-42f2-ae52-c493d80b7e2c/stream/hls', 'preset': 'opus_0_0', 'duration': 1558428, 'snipped': False, 'format': {'protocol': 'hls', 'mime_type': 'audio/ogg; codecs=""opus""'}, 'quality': 'sq'}]"	298761563.0	soundcloud:tracks:298761563									
25	https://i1.sndcdn.com/artworks-000197080484-zmjh70-large.jpg		True	0	2016-12-06T05:03:35Z	Det här avsnittet så&nbsp;pratar vi om våra renoveringar och lärdomar från att ha köpt två riktigt sunkiga renoveringsobjekt&nbsp;:) Vi pratar&nbsp;också om bostadspoddens framtid och tar upp ett par lyssnarfrågor, en om förhandsbud och en om omvärderingar i syfte att lägga om lån.	False	0	1568747	1568747	all		False	296461687	track		2016-12-06T05:05:04Z	all-rights-reserved	3	avsnitt-25-renoveringsbonanza	https://soundcloud.com/kalle/avsnitt-25-renoveringsbonanza	46	True					0		public	finished	True	bostadspodden	Avsnitt 25 - Renoveringsbonanza, sorgligt besked och lyssnarfrågor	single-track	https://api.soundcloud.com/tracks/296461687	soundcloud:tracks:296461687	22		https://wave.sndcdn.com/GTukNSx1chEE_m.json	2016-12-06T05:03:35Z	soundcloud:system-playlists:track-stations:296461687	track-stations:296461687	eyJ0eXAiOiJKV1QiLCJhbGciOiJIUzI1NiJ9.eyJnZW8iOiJWTiIsInN1YiI6IiIsInJpZCI6IiIsImlhdCI6MTYzNTk1MjAxOX0.U646BDcWUxf2edzMQjVCiOPfYl3NPA7nl4QSqj8AAFU	NOT_APPLICABLE	ALLOW	"[{'url': 'https://api-v2.soundcloud.com/media/soundcloud:tracks:296461687/454587a3-646e-4b73-9ce3-84914c9aeed9/stream/hls', 'preset': 'mp3_0_0', 'duration': 1568747, 'snipped': False, 'format': {'protocol': 'hls', 'mime_type': 'audio/mpeg'}, 'quality': 'sq'}, {'url': 'https://api-v2.soundcloud.com/media/soundcloud:tracks:296461687/454587a3-646e-4b73-9ce3-84914c9aeed9/stream/progressive', 'preset': 'mp3_0_0', 'duration': 1568747, 'snipped': False, 'format': {'protocol': 'progressive', 'mime_type': 'audio/mpeg'}, 'quality': 'sq'}, {'url': 'https://api-v2.soundcloud.com/media/soundcloud:tracks:296461687/f3cfc0e2-677a-4e2a-965e-9ad70cd02cb4/stream/hls', 'preset': 'opus_0_0', 'duration': 1568747, 'snipped': False, 'format': {'protocol': 'hls', 'mime_type': 'audio/ogg; codecs=""opus""'}, 'quality': 'sq'}]"											
26	https://i1.sndcdn.com/artworks-000194751493-oquom4-large.jpg		True	0	2016-11-22T08:50:22Z	I det här avsnittet så intervjuar vi Paulina Draganja, även känd som Förvaringsdrottningen. Hon är förutom expert på förvaring även författare, bloggare och föreläsare, och kommer med många tips på hur man ska tänka kring förvaring i sin bostad. Och hur man får ett bättre liv.	False	0	1959340	1959340	all		False	294205625	track		2016-11-22T08:52:09Z	all-rights-reserved	4	avsnitt-24-intervju-med	https://soundcloud.com/kalle/avsnitt-24-intervju-med	91	True					1		public	finished	True	bostadspodden	"Avsnitt 24 - Intervju med Paulina ""Förvaringsdrottningen"" Draganja, författare, bloggare, föreläsare och förvaringsexpert"	single-track	https://api.soundcloud.com/tracks/294205625	soundcloud:tracks:294205625	22		https://wave.sndcdn.com/eLvTWNBLwxJd_m.json	2016-11-22T08:50:22Z	soundcloud:system-playlists:track-stations:294205625	track-stations:294205625	eyJ0eXAiOiJKV1QiLCJhbGciOiJIUzI1NiJ9.eyJnZW8iOiJWTiIsInN1YiI6IiIsInJpZCI6IiIsImlhdCI6MTYzNTk1MjAxOX0.U646BDcWUxf2edzMQjVCiOPfYl3NPA7nl4QSqj8AAFU	NOT_APPLICABLE	ALLOW	"[{'url': 'https://api-v2.soundcloud.com/media/soundcloud:tracks:294205625/95dc9a46-7af9-4bc9-8bf1-1ade4a6f4a33/stream/hls', 'preset': 'mp3_0_0', 'duration': 1959340, 'snipped': False, 'format': {'protocol': 'hls', 'mime_type': 'audio/mpeg'}, 'quality': 'sq'}, {'url': 'https://api-v2.soundcloud.com/media/soundcloud:tracks:294205625/95dc9a46-7af9-4bc9-8bf1-1ade4a6f4a33/stream/progressive', 'preset': 'mp3_0_0', 'duration': 1959340, 'snipped': False, 'format': {'protocol': 'progressive', 'mime_type': 'audio/mpeg'}, 'quality': 'sq'}, {'url': 'https://api-v2.soundcloud.com/media/soundcloud:tracks:294205625/f3f772d4-394c-400c-8d2b-b41bb91260ca/stream/hls', 'preset': 'opus_0_0', 'duration': 1959340, 'snipped': False, 'format': {'protocol': 'hls', 'mime_type': 'audio/ogg; codecs=""opus""'}, 'quality': 'sq'}]"											
27	https://i1.sndcdn.com/artworks-000661670260-l5q7ge-large.jpg		True	1	2020-01-02T20:48:53Z	"Tracklist
01. Waste (Ry X Remix) - Rhye
02. Willow - Gorje Hewek, Izhevski
03. Straler - Voren Sentir
04. The Idea (Frankey & Sandrino Remix) - Hyenah, Lazarusman
05. Transmoderna - Âme, Mathew Jonson
06. Umarmung Aus Holz - Sascha Funke, Niklas Wandt
07. Maasai - Jobe
08. Schoneberg (Chaim Remix) - Marmion
09. Guilty Officer - Dino Lenny
10. After Dark - &ME
11. Decompression (Deadbeat Remix) - Mathew Jonson
12. Run And Hide (Afrilounge Remix) - Dimitri Andreas
13. Hour After Hour - Kollektiv Turmstrasse
14. The Line (Solomun Remix) - Âme, Matthew Herbert
15. Monaberry (2019 Werkzeug) - Super Flu
16. Timanfaya - Pablo Fierro
17. Guilt Trip (Frankey & Sandrino Remix) - Rampa, &ME, Adam Port
18. Techo Is Dead - Dino Lenny
19. Melomis - Electric Rescue, Maxime Dangles
20. Duke (Township Rebellion Remix) - Marcus Meinhardt
21. Fango Nero - Malandra Jr.
22. Hankkofloppe - Wighnomy Brothers
23. No War (Rampa Remix) - Âme
24. Grace - Louderbach"	False	0	6667050	6667050	all	House	False	737524621	track		2020-01-04T10:41:32Z	all-rights-reserved	39	proton-mix-2020-01-02	https://soundcloud.com/rouzbehdelavari/proton-mix-2020-01-02	923	True					10		public	finished	True	"""Progressive House"" ""Proton Radio"""	Featured Artist Proton Mix 2020-01-02	single-track	https://api.soundcloud.com/tracks/737524621	soundcloud:tracks:737524621	24		https://wave.sndcdn.com/3ZIVn9cgdliI_m.json	2020-01-02T20:48:53Z	soundcloud:system-playlists:track-stations:737524621	track-stations:737524621	eyJ0eXAiOiJKV1QiLCJhbGciOiJIUzI1NiJ9.eyJnZW8iOiJWTiIsInN1YiI6IiIsInJpZCI6ImE2Mjc2YmQ5LTQyMmUtNDg4OC05ODk5LWVhMGE4MjVjYzdiMCIsImlhdCI6MTYzNTk1MjAyMn0.knyXnu5Un8aJcq--95wLJvJft9PcEssCmNTjlCBzPqA	NOT_APPLICABLE	ALLOW	"[{'url': 'https://api-v2.soundcloud.com/media/soundcloud:tracks:737524621/4a0e268a-5050-46f8-891c-b5d5b0c32f25/stream/hls', 'preset': 'mp3_0_1', 'duration': 6667050, 'snipped': False, 'format': {'protocol': 'hls', 'mime_type': 'audio/mpeg'}, 'quality': 'sq'}, {'url': 'https://api-v2.soundcloud.com/media/soundcloud:tracks:737524621/4a0e268a-5050-46f8-891c-b5d5b0c32f25/stream/progressive', 'preset': 'mp3_0_1', 'duration': 6667050, 'snipped': False, 'format': {'protocol': 'progressive', 'mime_type': 'audio/mpeg'}, 'quality': 'sq'}, {'url': 'https://api-v2.soundcloud.com/media/soundcloud:tracks:737524621/5abe8708-3cef-48f9-852e-4fc25d26615d/stream/hls', 'preset': 'opus_0_0', 'duration': 6667007, 'snipped': False, 'format': {'protocol': 'hls', 'mime_type': 'audio/ogg; codecs=""opus""'}, 'quality': 'sq'}]"	737524621.0	soundcloud:tracks:737524621			True						
28	https://i1.sndcdn.com/artworks-000490541991-g1tfk1-large.jpg		True	2	2019-02-17T21:58:16Z	"01. What To Do - &ME Remix - Guy Gerber
02. Got To Keep On - The Chemical Brothers
03. Aéro Dynamik - Kraftwerk
04. Hobart - Andreas Henneberg
05. Guilty Officer - Maceo Plex Remix - Dino Lenny
06. Caught in a Wave - Jas Shaw 15 Volts Mix 1 - Simian Mobile Disco
07. Dead Souls - Radio Slave Long Distance Kiss Mix - Mlle Caro & Franck Garcia
08. Masala - Pablo Fierro Remix - Floyd Lavine
09. Mouth to Mouth - Audion
10. Kalif Storch - Modeselektor
11. Searching - Catz 'n Dogz
12. Hate Me ft. Patrick Cash - KDA
13. Magnet - Victor Ruiz Remix - Oliver Huntemann
14. Lost - Marc Romboy, Tyree Cooper
15. Nighthawk - Dosem Remix - Mat.Joe
16. Capsule - Adam Beyer, Pig&Dan
17. Embody - Thomas Schumacher
18. Asteroid - Jay Lumen
19. My Black Sheep - Len Faki"	False	0	4493272	4493272	all	House	False	576988293	track		2019-02-21T20:03:21Z	all-rights-reserved	16	dilate-jan-2019-dj-mix	https://soundcloud.com/rouzbehdelavari/dilate-jan-2019-dj-mix	451	True					2		public	finished	True	Techno House	Dilate (Jan 2019 Dj Mix)	single-track	https://api.soundcloud.com/tracks/576988293	soundcloud:tracks:576988293	24		https://wave.sndcdn.com/2lql3ZSsVB8W_m.json	2019-02-17T21:58:16Z	soundcloud:system-playlists:track-stations:576988293	track-stations:576988293	eyJ0eXAiOiJKV1QiLCJhbGciOiJIUzI1NiJ9.eyJnZW8iOiJWTiIsInN1YiI6IiIsInJpZCI6IjFhYjBhYWY1LWJkNjgtNGM3Mi1hNzliLTdjOWI3YTU4NzM4YSIsImlhdCI6MTYzNTk1MjAyMn0.1iXfDPuT6Wv2sH1-QHT8jxAS4ggvohfgApls5Av1-E8	NOT_APPLICABLE	ALLOW	"[{'url': 'https://api-v2.soundcloud.com/media/soundcloud:tracks:576988293/7eefa86a-2958-42c6-b9e5-ea567cda28e9/stream/hls', 'preset': 'mp3_0_0', 'duration': 4493272, 'snipped': False, 'format': {'protocol': 'hls', 'mime_type': 'audio/mpeg'}, 'quality': 'sq'}, {'url': 'https://api-v2.soundcloud.com/media/soundcloud:tracks:576988293/7eefa86a-2958-42c6-b9e5-ea567cda28e9/stream/progressive', 'preset': 'mp3_0_0', 'duration': 4493272, 'snipped': False, 'format': {'protocol': 'progressive', 'mime_type': 'audio/mpeg'}, 'quality': 'sq'}, {'url': 'https://api-v2.soundcloud.com/media/soundcloud:tracks:576988293/d79e701a-08c4-4c90-8b36-cfb86967bf23/stream/hls', 'preset': 'opus_0_0', 'duration': 4492805, 'snipped': False, 'format': {'protocol': 'hls', 'mime_type': 'audio/ogg; codecs=""opus""'}, 'quality': 'sq'}]"	576988293.0	soundcloud:tracks:576988293			True						
29	https://i1.sndcdn.com/artworks-000256242440-ioc9xc-large.jpg		True	1	2017-11-14T23:20:27Z	A short recording from the ALM Akemie's Castle made into an ambient drone using the Make Noise Morphagene	True	4	694190	694190	all	Ambient	True	355902275	track		2017-11-14T23:29:11Z	all-rights-reserved	15	droned-with-morphagene	https://soundcloud.com/rouzbehdelavari/droned-with-morphagene	622	True					2		public	finished	True	modular morphagene	Droned with Morphagene	single-track	https://api.soundcloud.com/tracks/355902275	soundcloud:tracks:355902275	24		https://wave.sndcdn.com/yh456tw4l21L_m.json	2017-11-14T23:20:27Z	soundcloud:system-playlists:track-stations:355902275	track-stations:355902275	eyJ0eXAiOiJKV1QiLCJhbGciOiJIUzI1NiJ9.eyJnZW8iOiJWTiIsInN1YiI6IiIsInJpZCI6IjhlMWE1MDBjLTA2OTMtNGU2YS1iZjY2LWYwOGEyNzlhMzdiYyIsImlhdCI6MTYzNTk1MjAyMn0.wQ6s0At4ocOwxUyuILU0G2x7tn1NWIflszOuf4vSSfI	NOT_APPLICABLE	ALLOW	"[{'url': 'https://api-v2.soundcloud.com/media/soundcloud:tracks:355902275/f401181f-54bc-4a6b-bd8d-8a41e08e1995/stream/hls', 'preset': 'mp3_0_0', 'duration': 694190, 'snipped': False, 'format': {'protocol': 'hls', 'mime_type': 'audio/mpeg'}, 'quality': 'sq'}, {'url': 'https://api-v2.soundcloud.com/media/soundcloud:tracks:355902275/f401181f-54bc-4a6b-bd8d-8a41e08e1995/stream/progressive', 'preset': 'mp3_0_0', 'duration': 694190, 'snipped': False, 'format': {'protocol': 'progressive', 'mime_type': 'audio/mpeg'}, 'quality': 'sq'}, {'url': 'https://api-v2.soundcloud.com/media/soundcloud:tracks:355902275/f2bd5817-3096-4175-b7be-a7efb85c6394/stream/hls', 'preset': 'opus_0_0', 'duration': 694190, 'snipped': False, 'format': {'protocol': 'hls', 'mime_type': 'audio/ogg; codecs=""opus""'}, 'quality': 'sq'}]"	355902275.0	soundcloud:tracks:355902275									
30	https://i1.sndcdn.com/artworks-000244452361-r4mp8s-large.jpg		True	0	2017-09-27T00:17:53Z		False	0	693902	693902	all		False	344192486	track		2017-09-27T00:18:43Z	all-rights-reserved	13	modular-jam	https://soundcloud.com/rouzbehdelavari/modular-jam	262	True					2		public	finished	True		Modular Jam	single-track	https://api.soundcloud.com/tracks/344192486	soundcloud:tracks:344192486	24		https://wave.sndcdn.com/bGEh7s4Dxd44_m.json	2017-09-27T00:17:53Z	soundcloud:system-playlists:track-stations:344192486	track-stations:344192486	eyJ0eXAiOiJKV1QiLCJhbGciOiJIUzI1NiJ9.eyJnZW8iOiJWTiIsInN1YiI6IiIsInJpZCI6ImE1YTNhM2IyLTQ2ZDEtNGM5MC05OGY1LTY4YWFkNzY0ZTRjMyIsImlhdCI6MTYzNTk1MjAyMn0.4KnQNl9dcnWxElYr6g7AIBxDxdoLaEpZ6oerKcFt9OQ	NOT_APPLICABLE	ALLOW	"[{'url': 'https://api-v2.soundcloud.com/media/soundcloud:tracks:344192486/dd5f5298-807b-4c70-96e9-dfc0b0fbf883/stream/hls', 'preset': 'mp3_0_0', 'duration': 693902, 'snipped': False, 'format': {'protocol': 'hls', 'mime_type': 'audio/mpeg'}, 'quality': 'sq'}, {'url': 'https://api-v2.soundcloud.com/media/soundcloud:tracks:344192486/dd5f5298-807b-4c70-96e9-dfc0b0fbf883/stream/progressive', 'preset': 'mp3_0_0', 'duration': 693902, 'snipped': False, 'format': {'protocol': 'progressive', 'mime_type': 'audio/mpeg'}, 'quality': 'sq'}, {'url': 'https://api-v2.soundcloud.com/media/soundcloud:tracks:344192486/9708f5df-2d3c-4ce6-9ec8-ac0007bed135/stream/hls', 'preset': 'opus_0_0', 'duration': 693902, 'snipped': False, 'format': {'protocol': 'hls', 'mime_type': 'audio/ogg; codecs=""opus""'}, 'quality': 'sq'}]"	344192486.0	soundcloud:tracks:344192486									
31	https://i1.sndcdn.com/artworks-000234861201-1toe42-large.jpg		True	3	2017-07-24T01:15:50Z		False	0	106067	106067	all	Electronic	False	334511217	track		2017-07-24T01:15:51Z	all-rights-reserved	6	metroid-title	https://soundcloud.com/rouzbehdelavari/metroid-title	328	True					1		public	finished	True		Metroid - Title	single-track	https://api.soundcloud.com/tracks/334511217	soundcloud:tracks:334511217	24		https://wave.sndcdn.com/nzCFe2sb69uy_m.json	2017-07-24T01:15:50Z	soundcloud:system-playlists:track-stations:334511217	track-stations:334511217	eyJ0eXAiOiJKV1QiLCJhbGciOiJIUzI1NiJ9.eyJnZW8iOiJWTiIsInN1YiI6IiIsInJpZCI6ImEzOGE2NzBkLWVlOTYtNDBkNy1iNzgwLTVlMjgyYmQyYWNkYSIsImlhdCI6MTYzNTk1MjAyMn0.rKosgxc2xeXHDCV43B5c9uJQuk2OGN0yeutXGgZxz3o	NOT_APPLICABLE	ALLOW	"[{'url': 'https://api-v2.soundcloud.com/media/soundcloud:tracks:334511217/70020e08-3d1e-4661-b463-a05113326ced/stream/hls', 'preset': 'mp3_0_0', 'duration': 106067, 'snipped': False, 'format': {'protocol': 'hls', 'mime_type': 'audio/mpeg'}, 'quality': 'sq'}, {'url': 'https://api-v2.soundcloud.com/media/soundcloud:tracks:334511217/70020e08-3d1e-4661-b463-a05113326ced/stream/progressive', 'preset': 'mp3_0_0', 'duration': 106067, 'snipped': False, 'format': {'protocol': 'progressive', 'mime_type': 'audio/mpeg'}, 'quality': 'sq'}, {'url': 'https://api-v2.soundcloud.com/media/soundcloud:tracks:334511217/7a04acf2-a415-44e2-8462-d99157fac40e/stream/hls', 'preset': 'opus_0_0', 'duration': 106067, 'snipped': False, 'format': {'protocol': 'hls', 'mime_type': 'audio/ogg; codecs=""opus""'}, 'quality': 'sq'}]"	334511217.0	soundcloud:tracks:334511217									
32	https://i1.sndcdn.com/artworks-000187307073-c2464i-large.jpg		True	0	2016-10-08T18:28:44Z		False	0	196276	196276	all	House	False	286744314	track	Typeclass	2016-10-08T18:28:45Z	all-rights-reserved	7	the-clash	https://soundcloud.com/rouzbehdelavari/the-clash	324	True			https://itunes.apple.com/us/album/mechanism-single/id1163125553	2016-10-03T00:00:00Z	3		public	finished	True		The Clash - feat. Class Act	single-track	https://api.soundcloud.com/tracks/286744314	soundcloud:tracks:286744314	24		https://wave.sndcdn.com/bzVnxHz7EAQ7_m.json	2016-10-08T18:28:44Z	soundcloud:system-playlists:track-stations:286744314	track-stations:286744314	eyJ0eXAiOiJKV1QiLCJhbGciOiJIUzI1NiJ9.eyJnZW8iOiJWTiIsInN1YiI6IiIsInJpZCI6Ijc5MzUyMjRkLTY3ZTYtNDBjNC04NmNiLTJkMzFkNTljYjdiOSIsImlhdCI6MTYzNTk1MjAyMn0.7p0hjFSZkROgdgJOArZHBQnB_R-hACKZSRG-Y2LgeIg	NOT_APPLICABLE	ALLOW	"[{'url': 'https://api-v2.soundcloud.com/media/soundcloud:tracks:286744314/c542a206-c871-41c2-b36f-4a8ef55fb589/stream/hls', 'preset': 'mp3_0_0', 'duration': 196276, 'snipped': False, 'format': {'protocol': 'hls', 'mime_type': 'audio/mpeg'}, 'quality': 'sq'}, {'url': 'https://api-v2.soundcloud.com/media/soundcloud:tracks:286744314/c542a206-c871-41c2-b36f-4a8ef55fb589/stream/progressive', 'preset': 'mp3_0_0', 'duration': 196276, 'snipped': False, 'format': {'protocol': 'progressive', 'mime_type': 'audio/mpeg'}, 'quality': 'sq'}, {'url': 'https://api-v2.soundcloud.com/media/soundcloud:tracks:286744314/313dc6d3-38b8-412f-9b05-09fa2d7b2a07/stream/hls', 'preset': 'opus_0_0', 'duration': 196276, 'snipped': False, 'format': {'protocol': 'hls', 'mime_type': 'audio/ogg; codecs=""opus""'}, 'quality': 'sq'}]"	286744314.0	soundcloud:tracks:286744314	Rouzbeh Delavari	Mechanism	True	Rouzbeh Delavari	190394939861	ushm81626493	False	Rouzbeh Delavari	Mechanism
33	https://i1.sndcdn.com/artworks-000187307042-j7205c-large.jpg		True	1	2016-10-08T18:28:25Z		False	0	443521	443521	all	Deep House	False	286744273	track	Typeclass	2016-10-08T18:28:54Z	all-rights-reserved	11	the-bricks	https://soundcloud.com/rouzbehdelavari/the-bricks	346	True			https://itunes.apple.com/us/album/mechanism-single/id1163125553	2016-10-03T00:00:00Z	2		public	finished	True		The Bricks	single-track	https://api.soundcloud.com/tracks/286744273	soundcloud:tracks:286744273	24		https://wave.sndcdn.com/JHFQLriAj5u1_m.json	2016-10-08T18:28:25Z	soundcloud:system-playlists:track-stations:286744273	track-stations:286744273	eyJ0eXAiOiJKV1QiLCJhbGciOiJIUzI1NiJ9.eyJnZW8iOiJWTiIsInN1YiI6IiIsInJpZCI6ImIxZDZjYzlhLWM2ODMtNGIzZC04ODAzLTUzNDc1OWFlYjFhOCIsImlhdCI6MTYzNTk1MjAyMn0.ljVAJR8XuUNE0y2cjirTafH81BxY9cG1szCCUqwVQos	NOT_APPLICABLE	ALLOW	[{'url': 'https://api-v2.soundcloud.com/media/soundcloud:tracks:286744273/4674e1df-6730-4c6f-bcb8-8cdb780ef9be/stream/hls', 'preset': 'mp3_0_0', 'duration': 443521, 'snipped': False, 'format': {'protocol': 'hls', 'mime_type': 'audio/mpeg'}, 'quality': 'sq'}, {'url': 'https://api-v2.soundcloud.com/media/soundcloud:tracks:286744273/4674e1df-6730-4c6f-bcb8-8cdb780ef9be/stream/progressive', 'preset': 'mp3_0_0', 'duration': 443521, 'snipped': False, 'format': {'protocol': 'progressive', 'mime_type': 'audio/mpeg'}, 'quality': 'sq'}]	286744273.0	soundcloud:tracks:286744273	Rouzbeh Delavari	Mechanism	True	Rouzbeh Delavari	190394939861	ushm81626492	False	Rouzbeh Delavari	Mechanism
34	https://i1.sndcdn.com/artworks-000187306705-9tkk5p-large.jpg		True	1	2016-10-08T18:24:33Z		False	0	280083	280083	all	Electronic	False	286743827	track	Typeclass	2016-10-08T18:24:34Z	all-rights-reserved	16	the-mechs	https://soundcloud.com/rouzbehdelavari/the-mechs	795	True			https://itunes.apple.com/us/album/mechanism-single/id1163125553	2016-10-03T00:00:00Z	3		public	finished	True		The Mechs - feat. Özgür Can & Rasmus Kellerman	single-track	https://api.soundcloud.com/tracks/286743827	soundcloud:tracks:286743827	24		https://wave.sndcdn.com/3QpuQebeEhPD_m.json	2016-10-08T18:24:33Z	soundcloud:system-playlists:track-stations:286743827	track-stations:286743827	eyJ0eXAiOiJKV1QiLCJhbGciOiJIUzI1NiJ9.eyJnZW8iOiJWTiIsInN1YiI6IiIsInJpZCI6IjNkMzE1NGJlLTFkMzQtNGIwYy1iNGI4LTBhNDhiMzMwNzE4ZiIsImlhdCI6MTYzNTk1MjAyMn0.m5hZibb9GafCJnV1AbnPfCgEn959Do5L9wB3xgbif7c	NOT_APPLICABLE	ALLOW	"[{'url': 'https://api-v2.soundcloud.com/media/soundcloud:tracks:286743827/ccf88cff-9711-49d0-9385-fae0e63ae805/stream/hls', 'preset': 'mp3_0_0', 'duration': 280083, 'snipped': False, 'format': {'protocol': 'hls', 'mime_type': 'audio/mpeg'}, 'quality': 'sq'}, {'url': 'https://api-v2.soundcloud.com/media/soundcloud:tracks:286743827/ccf88cff-9711-49d0-9385-fae0e63ae805/stream/progressive', 'preset': 'mp3_0_0', 'duration': 280083, 'snipped': False, 'format': {'protocol': 'progressive', 'mime_type': 'audio/mpeg'}, 'quality': 'sq'}, {'url': 'https://api-v2.soundcloud.com/media/soundcloud:tracks:286743827/a0fd11aa-dc32-4ac3-89a1-7396233b0c11/stream/hls', 'preset': 'opus_0_0', 'duration': 280083, 'snipped': False, 'format': {'protocol': 'hls', 'mime_type': 'audio/ogg; codecs=""opus""'}, 'quality': 'sq'}]"	286743827.0	soundcloud:tracks:286743827	Rouzbeh Delavari	Mechanism	True	Rouzbeh Delavari	190394939861	ushm81626491	False	Rouzbeh Delavari	Mechanism
35	https://i1.sndcdn.com/artworks-000119514520-v2ujpp-large.jpg		True	1	2015-06-07T22:50:44Z		False	0	74272	74272	all	reverb	False	209277685	track		2015-06-07T22:52:16Z	all-rights-reserved	12	diy-spring-reverb-two	https://soundcloud.com/rouzbehdelavari/diy-spring-reverb-two	446	True					4		public	finished	True		DIY Spring Reverb	single-track	https://api.soundcloud.com/tracks/209277685	soundcloud:tracks:209277685	24		https://wave.sndcdn.com/AcQazTSIvUF0_m.json	2015-06-07T22:50:44Z	soundcloud:system-playlists:track-stations:209277685	track-stations:209277685	eyJ0eXAiOiJKV1QiLCJhbGciOiJIUzI1NiJ9.eyJnZW8iOiJWTiIsInN1YiI6IiIsInJpZCI6IjNkMmVkM2NkLWQ2YWUtNGRiMi1hODM3LWU4MDUxOGY5ZDI2ZSIsImlhdCI6MTYzNTk1MjAyMn0.8YJPoAMu0UtcPbZt8qilxjSQvVKIphCYgblwLjJHzMM	NOT_APPLICABLE	ALLOW	[{'url': 'https://api-v2.soundcloud.com/media/soundcloud:tracks:209277685/9e7914ab-6547-48ee-bcd2-d59a1650fb5d/stream/hls', 'preset': 'mp3_0_0', 'duration': 74272, 'snipped': False, 'format': {'protocol': 'hls', 'mime_type': 'audio/mpeg'}, 'quality': 'sq'}, {'url': 'https://api-v2.soundcloud.com/media/soundcloud:tracks:209277685/9e7914ab-6547-48ee-bcd2-d59a1650fb5d/stream/progressive', 'preset': 'mp3_0_0', 'duration': 74272, 'snipped': False, 'format': {'protocol': 'progressive', 'mime_type': 'audio/mpeg'}, 'quality': 'sq'}]											
36	https://i1.sndcdn.com/artworks-000119512411-aidbwe-large.jpg		True	0	2015-06-07T22:22:23Z	Made a spring reverb with two speakers and some steel wire.	False	0	49140	49140	all	reverb	False	209274438	track		2015-06-07T22:49:51Z	all-rights-reserved	7	diy-spring-reverb	https://soundcloud.com/rouzbehdelavari/diy-spring-reverb	276	True					6		public	finished	True		DIY Spring Reverb	single-track	https://api.soundcloud.com/tracks/209274438	soundcloud:tracks:209274438	24		https://wave.sndcdn.com/NpPwhb1sTdWT_m.json	2015-06-07T22:22:23Z	soundcloud:system-playlists:track-stations:209274438	track-stations:209274438	eyJ0eXAiOiJKV1QiLCJhbGciOiJIUzI1NiJ9.eyJnZW8iOiJWTiIsInN1YiI6IiIsInJpZCI6IjIyOGM1NzhjLTdlODgtNDZmZi1iMWRmLTI2NmQ4ODExNzY0ZiIsImlhdCI6MTYzNTk1MjAyMn0.mluhIRBixl9YC9iJZ_XDz27LB7fIObyXS5SPPtgx0xU	NOT_APPLICABLE	ALLOW	[{'url': 'https://api-v2.soundcloud.com/media/soundcloud:tracks:209274438/dd2bb3c5-4e38-4877-82c0-9fa5ad7f7048/stream/hls', 'preset': 'mp3_0_0', 'duration': 49140, 'snipped': False, 'format': {'protocol': 'hls', 'mime_type': 'audio/mpeg'}, 'quality': 'sq'}, {'url': 'https://api-v2.soundcloud.com/media/soundcloud:tracks:209274438/dd2bb3c5-4e38-4877-82c0-9fa5ad7f7048/stream/progressive', 'preset': 'mp3_0_0', 'duration': 49140, 'snipped': False, 'format': {'protocol': 'progressive', 'mime_type': 'audio/mpeg'}, 'quality': 'sq'}]											
37			True	17	2008-01-06T16:34:39Z		False	0	324989	324989	none		False	2059	track		2019-03-29T05:12:52Z	all-rights-reserved	44	df-1987	https://soundcloud.com/arvida/df-1987	454	True					8		public	finished	False		DF - 1987	single-track	https://api.soundcloud.com/tracks/2059	soundcloud:tracks:2059	28		https://wave.sndcdn.com/ivX7vgQ2DPUO_m.json	2008-01-06T16:34:39Z	soundcloud:system-playlists:track-stations:2059	track-stations:2059	eyJ0eXAiOiJKV1QiLCJhbGciOiJIUzI1NiJ9.eyJnZW8iOiJWTiIsInN1YiI6IiIsInJpZCI6ImY5ODQ3OTlmLTMyYjAtNGFhNC05YzNiLTgxODViZGY1YmQxOCIsImlhdCI6MTYzNTk1MjAyNX0.G11fTa1mc3_VbZf3-r1LDXCVnd5GIzS5gRlVDdDft48	NOT_APPLICABLE	ALLOW	[{'url': 'https://api-v2.soundcloud.com/media/soundcloud:tracks:2059/b3d995f0-2b25-4d21-8614-7b59516dd340/stream/hls', 'preset': 'mp3_0_0', 'duration': 324989, 'snipped': False, 'format': {'protocol': 'hls', 'mime_type': 'audio/mpeg'}, 'quality': 'sq'}, {'url': 'https://api-v2.soundcloud.com/media/soundcloud:tracks:2059/b3d995f0-2b25-4d21-8614-7b59516dd340/stream/progressive', 'preset': 'mp3_0_0', 'duration': 324989, 'snipped': False, 'format': {'protocol': 'progressive', 'mime_type': 'audio/mpeg'}, 'quality': 'sq'}]											
38			True	19	2007-11-17T19:40:03Z		True	100	398837	398837	all		False	976	track		2019-03-29T05:12:51Z	all-rights-reserved	29	df-md5vs-sha1	https://soundcloud.com/arvida/df-md5vs-sha1	845	True					2		public	finished	True		DF - MD5VS.SHA1	single-track	https://api.soundcloud.com/tracks/976	soundcloud:tracks:976	28		https://wave.sndcdn.com/KqhwyKhHSwpY_m.json	2007-11-17T19:40:03Z	soundcloud:system-playlists:track-stations:976	track-stations:976	eyJ0eXAiOiJKV1QiLCJhbGciOiJIUzI1NiJ9.eyJnZW8iOiJWTiIsInN1YiI6IiIsInJpZCI6ImVmZjRlNTNkLWZhZjMtNDk4Yy05MTU0LWI1MzExMzk5YjA3MyIsImlhdCI6MTYzNTk1MjAyNX0.rTFE2h1ySxP6DcfWqa4j_HvyiSCzK24C04gjBcpfljE	NOT_APPLICABLE	ALLOW	[{'url': 'https://api-v2.soundcloud.com/media/soundcloud:tracks:976/7f55a3cc-d37d-4199-8337-bd758182324b/stream/hls', 'preset': 'mp3_0_0', 'duration': 398837, 'snipped': False, 'format': {'protocol': 'hls', 'mime_type': 'audio/mpeg'}, 'quality': 'sq'}, {'url': 'https://api-v2.soundcloud.com/media/soundcloud:tracks:976/7f55a3cc-d37d-4199-8337-bd758182324b/stream/progressive', 'preset': 'mp3_0_0', 'duration': 398837, 'snipped': False, 'format': {'protocol': 'progressive', 'mime_type': 'audio/mpeg'}, 'quality': 'sq'}]											
39			True	9	2007-10-22T20:37:27Z		False	0	392385	392385	none		False	664	track		2019-03-29T05:12:51Z	all-rights-reserved	20	df-the-chiefs	https://soundcloud.com/arvida/df-the-chiefs	183	True					2		public	finished	False		DF - The Chiefs	single-track	https://api.soundcloud.com/tracks/664	soundcloud:tracks:664	28		https://wave.sndcdn.com/8azWF39RSoaj_m.json	2007-10-22T20:37:27Z	soundcloud:system-playlists:track-stations:664	track-stations:664	eyJ0eXAiOiJKV1QiLCJhbGciOiJIUzI1NiJ9.eyJnZW8iOiJWTiIsInN1YiI6IiIsInJpZCI6IjY0ZmQ2MzllLTI0MmYtNDZhMS04MDUxLWE4MTM3YTQwZGE5ZiIsImlhdCI6MTYzNTk1MjAyNX0.HxTW5CLfBHtShMcThm0R7-rB5p3wzjaHX9ccGKhHFxc	NOT_APPLICABLE	ALLOW	[{'url': 'https://api-v2.soundcloud.com/media/soundcloud:tracks:664/faa2ab43-1fea-4335-ac90-5fd2d111baea/stream/hls', 'preset': 'mp3_0_0', 'duration': 392385, 'snipped': False, 'format': {'protocol': 'hls', 'mime_type': 'audio/mpeg'}, 'quality': 'sq'}, {'url': 'https://api-v2.soundcloud.com/media/soundcloud:tracks:664/faa2ab43-1fea-4335-ac90-5fd2d111baea/stream/progressive', 'preset': 'mp3_0_0', 'duration': 392385, 'snipped': False, 'format': {'protocol': 'progressive', 'mime_type': 'audio/mpeg'}, 'quality': 'sq'}]											
